{
  "type": "nearest_centroid",
  "labels": [
    "open",
    "closed",
    "blink"
  ],
  "image_size": [
    96,
    48
  ],
  "mean": [
    129.672119140625,
    70.72721862792969,
    19.807846069335938,
    33.32367706298828,
    69.46376037597656,
    129.2322540283203,
    190.5369873046875,
    228.15647888183594,
    240.5018768310547,
    139.7440948486328,
    136.19773864746094,
    113.07471466064453,
    79.33695220947266,
    65.07784271240234,
    62.03144073486328,
    0.18283666670322418,
    0.19794884324073792,
    0.038177091628313065,
    0.05484861880540848,
    0.06511446833610535,
    0.06669001281261444,
    0.07006404548883438,
    0.06793241202831268,
    0.06540726870298386,
    0.06452246010303497,
    0.06720367074012756,
    0.06483066827058792,
    0.0644402951002121,
    0.06468810141086578,
    0.061806611716747284,
    0.06518702208995819,
    0.06504508852958679,
    0.05404224619269371
  ],
  "std": [
    0.3440987467765808,
    1.0049797296524048,
    2.4412238597869873,
    1.9787102937698364,
    1.9046188592910767,
    1.0434625148773193,
    1.5908488035202026,
    0.8095051050186157,
    0.6367000937461853,
    9.68724250793457,
    4.974557399749756,
    7.017698287963867,
    2.9630227088928223,
    3.4161181449890137,
    5.0243425369262695,
    0.038156695663928986,
    0.0013797369319945574,
    0.0071976808831095695,
    0.004983784630894661,
    0.004107711836695671,
    0.004182183649390936,
    0.005038081202656031,
    0.004345806781202555,
    0.005656283814460039,
    0.004685837775468826,
    0.0033138380385935307,
    0.004230101592838764,
    0.004211708903312683,
    0.0031770016066730022,
    0.004610683768987656,
    0.0057629854418337345,
    0.0035527674481272697,
    0.002025917172431946
  ],
  "centroids": {
    "open": [
      0.600853443145752,
      -0.3985165059566498,
      0.4453974962234497,
      0.5159658193588257,
      0.3048352003097534,
      0.16127458214759827,
      -0.08661654591560364,
      -0.3606678247451782,
      -0.26387009024620056,
      0.10224756598472595,
      -0.19566349685192108,
      0.08591287583112717,
      0.31397464871406555,
      0.06602590531110764,
      -0.25922033190727234,
      0.47716033458709717,
      -0.07067585736513138,
      -0.3888975977897644,
      -0.2816530168056488,
      0.09065617620944977,
      0.24237415194511414,
      0.33323797583580017,
      0.0974416732788086,
      -0.020583072677254677,
      0.020560238510370255,
      0.19841226935386658,
      -0.05449845269322395,
      0.09584911912679672,
      0.15740333497524261,
      0.11976779252290726,
      0.11661075055599213,
      -0.3748286962509155,
      -0.24128249287605286
    ],
    "closed": [
      -1.2028813362121582,
      1.206441044807434,
      -1.1882585287094116,
      -1.3366297483444214,
      -1.0476901531219482,
      -0.14159290492534637,
      0.7514269351959229,
      0.46089720726013184,
      0.6042762994766235,
      -0.8262872695922852,
      0.6049663424491882,
      0.5348036885261536,
      -1.1369621753692627,
      0.35476475954055786,
      1.2769007682800293,
      -1.4448745250701904,
      0.18491776287555695,
      1.1073640584945679,
      0.628190815448761,
      0.14035868644714355,
      -0.5699418783187866,
      -0.9250226020812988,
      -0.5642890930175781,
      -0.23893657326698303,
      -0.020667430013418198,
      -0.2885960340499878,
      -0.5170114040374756,
      -0.7313854098320007,
      0.07516086101531982,
      0.41887152194976807,
      0.11556430906057358,
      0.5147566199302673,
      0.40751397609710693
    ],
    "blink": [
      -0.3246680200099945,
      -0.14232565462589264,
      0.01878470927476883,
      -0.01321373786777258,
      0.21834778785705566,
      -0.24624300003051758,
      -0.45977434515953064,
      0.42435967922210693,
      0.0765511617064476,
      0.48946183919906616,
      -0.08097224682569504,
      -0.6660411953926086,
      0.27565905451774597,
      -0.46259820461273193,
      -0.5240190029144287,
      0.17080433666706085,
      -1.9741646610782482e-05,
      -0.07761827111244202,
      0.09615305811166763,
      -0.33123308420181274,
      -0.05696001276373863,
      0.045592743903398514,
      0.27086666226387024,
      0.25666385889053345,
      -0.02909073978662491,
      -0.20263485610485077,
      0.5783116221427917,
      0.4209819436073303,
      -0.4273068606853485,
      -0.6422081589698792,
      -0.36909207701683044,
      0.40952104330062866,
      0.19683384895324707
    ]
  },
  "counts": {
    "open": 186,
    "closed": 71,
    "blink": 81
  }
}